名称,省份,城市,区县,详细地址,完整地址,电话,经纬度
温州市龙湾区蓝江职业培训学校,浙江省,温州市,龙湾区,文化用品市场C幢3楼,浙江省温州市龙湾区文化用品市场C幢3楼,13587898914,"120.734525,27.971975"
宁波俊豪叉车挖机电工焊工培训考证复审,浙江省,宁波市,镇海区,骆驼兴骆西路49号,浙江省宁波市镇海区骆驼兴骆西路49号,15867552909,"121.585154,29.988292"
信诚叉车培训基地,浙江省,嘉兴市,秀洲区,新塍镇陈家浜X303,浙江省嘉兴市秀洲区新塍镇陈家浜X303,暂无电话,"120.601441,30.771909"
衢州市安特职业技能培训学校(叉车培训),浙江省,衢州市,柯城区,世纪大道与凯旋东路交叉口西140米,浙江省衢州市柯城区世纪大道与凯旋东路交叉口西140米,0570-8077118;15657018989,"118.930325,28.939575"
汇龙技校(叉车培训),浙江省,湖州市,长兴县,画溪街道雉州大道179号画溪智慧创业谷4楼,浙江省湖州市长兴县画溪街道雉州大道179号画溪智慧创业谷4楼,15088305998;15906720110,"119.915407,30.981119"
慈溪叉车电工培训,浙江省,宁波市,慈溪市,崇寿镇永清北路44号,浙江省宁波市慈溪市崇寿镇永清北路44号,18957886139,"121.271005,30.272998"
台州叉车培训电工电焊起重考证博通技能培训,浙江省,台州市,路桥区,东路桥大道601-8号,浙江省台州市路桥区东路桥大道601-8号,15067665003,"121.393302,28.583201"
义乌市叉车电焊培训中心报名处,浙江省,金华市,义乌市,四季小区78栋5单元,浙江省金华市义乌市四季小区78栋5单元,19857937016,"120.042622,29.317945"
顺兴叉车培训,浙江省,宁波市,慈溪市,前湾新区启迪路88号B1-4-111号,浙江省宁波市慈溪市前湾新区启迪路88号B1-4-111号,13958302341,"121.296437,30.344109"
昊远叉车培训(瓜沥店),浙江省,杭州市,萧山区,瓜沥镇光华路243-245号汇锦名店广场26栋,浙江省杭州市萧山区瓜沥镇光华路243-245号汇锦名店广场26栋,13372503330,"120.456286,30.187152"
东训叉车电焊培训,浙江省,金华市,东阳市,湖莲西街196号,浙江省金华市东阳市湖莲西街196号,13071811112,"120.219867,29.307813"
振达叉车电工电焊培训考证,浙江省,嘉兴市,平湖市,钟埭街道兴平一路136号,浙江省嘉兴市平湖市钟埭街道兴平一路136号,13456305657,"121.004344,30.705262"
叉车培训登高电工焊工保安考证,浙江省,杭州市,钱塘区,下沙街道七格小区495-1号,浙江省杭州市钱塘区下沙街道七格小区495-1号,13205719601;13208039601,"120.315733,30.297506"
杭州昊远叉车培训,浙江省,杭州市,萧山区,临浦镇萧山建材商贸城17栋15号,浙江省杭州市萧山区临浦镇萧山建材商贸城17栋15号,0571-82487369;13336015165;19357256618,"120.245231,30.052128"
叉车培训考证,浙江省,杭州市,钱塘区,梅林湾石材市场4号店铺,浙江省杭州市钱塘区梅林湾石材市场4号店铺,13305817430,"120.565287,30.273267"
绍兴叉车电焊电工培训考证,浙江省,绍兴市,越城区,袍江寺东街242号,浙江省绍兴市越城区袍江寺东街242号,15067512341,"120.610891,30.085317"
三一机器人,浙江省,湖州市,长兴县,德玛物流园有限公司G幢,浙江省湖州市长兴县德玛物流园有限公司G幢,15088318777,"119.935425,30.977828"
温州叉车证焊工证培训考证学校,浙江省,温州市,瑞安市,瑞凤南路23号,浙江省温州市瑞安市瑞凤南路23号,13912774444,"120.669868,27.843062"
宁波状元叉车培训中心,浙江省,宁波市,北仑区,高塘街10号,浙江省宁波市北仑区高塘街10号,13858233229,"121.791225,29.921841"
金华市叉车电焊培训考证基地,浙江省,金华市,婺城区,秋滨街道金地路545号,浙江省金华市婺城区秋滨街道金地路545号,13735713392,"119.621513,29.066940"
鄞州区五乡镇叉车电工电焊培训考证,浙江省,宁波市,鄞州区,五乡镇中洲路22号,浙江省宁波市鄞州区五乡镇中洲路22号,15988659990,"121.675098,29.848137"
金华焊工证叉车证培训考证中心,浙江省,金华市,婺城区,秋滨街道秋滨工业城博联路63号,浙江省金华市婺城区秋滨街道秋滨工业城博联路63号,15924227626;18858933321,"119.609772,29.068576"
杭州安寻教育培训咨询考证,浙江省,杭州市,临平区,东湖街道天荷路111号6幢4楼401室,浙江省杭州市临平区东湖街道天荷路111号6幢4楼401室,15067198424,"120.295225,30.441025"
镇海区叉车培训基地,浙江省,宁波市,镇海区,汶骆西路,浙江省宁波市镇海区汶骆西路,13958212681,"121.549625,29.987175"
状元叉车培训考证,浙江省,宁波市,镇海区,贵驷街道南二东路169号,浙江省宁波市镇海区贵驷街道南二东路169号,15357479904;15805847214,"121.619166,29.973573"
速腾叉车电焊电工培训,浙江省,台州市,温岭市,大溪镇繁昌路92号,浙江省台州市温岭市大溪镇繁昌路92号,15325671287;15381815677;18110895927,"121.260825,28.465317"
高欣叉车培训点,浙江省,宁波市,北仑区,坝头东路137号,浙江省宁波市北仑区坝头东路137号,暂无电话,"121.812587,29.886569"
东阳市叉车电焊电工培训,浙江省,金华市,东阳市,六石街道明凯街805号58幢112,浙江省金华市东阳市六石街道明凯街805号58幢112,19558138195,"120.319435,29.308074"
桐乡叉车焊工培训报名处,浙江省,嘉兴市,桐乡市,梧桐街道逾桥中路57号,浙江省嘉兴市桐乡市梧桐街道逾桥中路57号,13185378886,"120.555107,30.649157"
叉车电焊培训(富阳店),浙江省,杭州市,富阳区,富春街道西堤路109-2,浙江省杭州市富阳区富春街道西堤路109-2,18443511115,"119.948484,30.045885"
义乌状元技能叉车培训中心,浙江省,金华市,义乌市,城西街道圣寿路777号(镇西工作片对面),浙江省金华市义乌市城西街道圣寿路777号(镇西工作片对面),18757612299,"119.970773,29.293736"
临平叉车培.训,浙江省,杭州市,临平区,杭州市东湖街道东湖北路267号,浙江省杭州市临平区杭州市东湖街道东湖北路267号,15168334442;18668057786,"120.302094,30.442196"
诚信叉车培训电工焊工考证,浙江省,宁波市,慈溪市,慈甬路268号,浙江省宁波市慈溪市慈甬路268号,18298025885,"121.320633,30.157236"
杭州川雄叉车挖机,浙江省,杭州市,萧山区,宁围街道新华村,浙江省杭州市萧山区宁围街道新华村,15224065222,"120.293355,30.205456"
金华市万隆叉车培训基地,浙江省,金华市,金东区,存统路与东岩街路口,浙江省金华市金东区存统路与东岩街路口,暂无电话,"119.686551,29.120285"
八方圆叉车焊工电工培训考证,浙江省,宁波市,余姚市,泗门镇镇北路269号,浙江省宁波市余姚市泗门镇镇北路269号,13248596911,"121.037610,30.160063"
讯飞叉车焊工电工考证,浙江省,台州市,温岭市,松门镇远景村沿海路168号,浙江省台州市温岭市松门镇远景村沿海路168号,15381815677,"121.601395,28.349466"
慈溪叉车培训考证,浙江省,宁波市,慈溪市,伏龙路25号,浙江省宁波市慈溪市伏龙路25号,暂无电话,"121.554453,30.083501"
温州顺利叉车培训有限公司,浙江省,温州市,永嘉县,瓯北昌新路停车场内,浙江省温州市永嘉县瓯北昌新路停车场内,13588912675,"120.647498,28.043106"
浙江状元叉车电工电焊培训考证,浙江省,绍兴市,柯桥区,安昌路,浙江省绍兴市柯桥区安昌路,18657569937,"120.509927,30.134185"
叉车培训考证,浙江省,金华市,永康市,大坟山沿名园北大道57号,浙江省金华市永康市大坟山沿名园北大道57号,15257953737,"120.082176,28.918760"
温州叉车培训,浙江省,温州市,龙湾区,滨海园区南龙步行街二楼201,浙江省温州市龙湾区滨海园区南龙步行街二楼201,15257737373,"120.816995,27.864799"
叉车电焊培训(东洲店),浙江省,杭州市,富阳区,东洲街道紫铜村紫砂198号1楼,浙江省杭州市富阳区东洲街道紫铜村紫砂198号1楼,13221073202,"120.074645,30.077015"
叉车考证培训,浙江省,台州市,黄岩区,北城街道塔水桥一区81号,浙江省台州市黄岩区北城街道塔水桥一区81号,19957665660,"121.229194,28.667406"
状元叉车培训考证中心,浙江省,绍兴市,柯桥区,马鞍街道滨海工业区滨海旺角大厦9区3-134室,浙江省绍兴市柯桥区马鞍街道滨海工业区滨海旺角大厦9区3-134室,15215993663,"120.661928,30.167998"
飞天职业培训学校,浙江省,宁波市,北仑区,大碶街道元宝山路圣美新厂房二楼,浙江省宁波市北仑区大碶街道元宝山路圣美新厂房二楼,15658260130,"121.782210,29.900171"
振鑫叉车培训,浙江省,湖州市,长兴县,雉城街道车站东路48号,浙江省湖州市长兴县雉城街道车站东路48号,15088357311,"119.907137,30.991196"
叉车焊工培训(新光北路店),浙江省,金华市,义乌市,青口新光北路1号,浙江省金华市义乌市青口新光北路1号,暂无电话,"120.132530,29.312891"
君尚叉车培训,浙江省,台州市,黄岩区,江口街道三江新村道头198号,浙江省台州市黄岩区江口街道三江新村道头198号,19957661095,"121.346501,28.673115"
启杭叉车培训考证(叉车上牌)焊工考证,浙江省,杭州市,临平区,前村街220号,浙江省杭州市临平区前村街220号,15356185456,"120.163817,30.385673"
叉车培训报名处,浙江省,嘉兴市,嘉善县,里姚路口,浙江省嘉兴市嘉善县里姚路口,13817265614;19518290400,"120.959822,30.877639"
叉车培训电工电焊培训考证复审,浙江省,宁波市,鄞州区,姜山镇朝阳路764号,浙江省宁波市鄞州区姜山镇朝阳路764号,18358211896,"121.487314,29.767434"
叉车驾驶咨询报名处,浙江省,宁波市,江北区,慈城宁慈西路和保黎南路路口向东50米,浙江省宁波市江北区慈城宁慈西路和保黎南路路口向东50米,15658264888,"121.452499,29.975394"
状元叉车培训考证,浙江省,台州市,玉环市,楚门镇直塘路506号,浙江省台州市玉环市楚门镇直塘路506号,17816669199,"121.291183,28.232230"
嵊州市叉车电焊培训考证基地,浙江省,绍兴市,嵊州市,三江街道富民街316号自南向北第二间,浙江省绍兴市嵊州市三江街道富民街316号自南向北第二间,15957548396,"120.839847,29.584570"
叉车培训,浙江省,嘉兴市,海宁市,碧云北路32号,浙江省嘉兴市海宁市碧云北路32号,18457399516,"120.713283,30.533786"
叉车培训,浙江省,嘉兴市,南湖区,新丰镇双龙路2039号,浙江省嘉兴市南湖区新丰镇双龙路2039号,15757360714,"120.908997,30.707419"
温州智鹰(瓯海)叉车培训基地,浙江省,温州市,瓯海区,瓯海大道出口与瓯海大道辅道交叉口西南220米,浙江省温州市瓯海区瓯海大道出口与瓯海大道辅道交叉口西南220米,18072001008,"120.599185,27.963618"
浦江叉车电工焊工培训考证,浙江省,金华市,浦江县,黄宅镇工商路157号,浙江省金华市浦江县黄宅镇工商路157号,15067976570,"120.007959,29.448211"
嘉杭叉车培训考证,浙江省,杭州市,钱塘区,义蓬第二小学北侧约50米叉车培训考证,浙江省杭州市钱塘区义蓬第二小学北侧约50米叉车培训考证,18969130295,"120.507221,30.306602"
海盐叉车培训通元实操基地,浙江省,嘉兴市,海盐县,嘉南线与浦漾路交叉口南440米,浙江省嘉兴市海盐县嘉南线与浦漾路交叉口南440米,18268132494,"120.847875,30.436225"
仙居叉车电工电焊考试培训,浙江省,台州市,仙居县,大路村公路南83-2号,浙江省台州市仙居县大路村公路南83-2号,15858629911,"120.828905,28.886192"
荣升叉车培训电工焊工,浙江省,宁波市,慈溪市,滨海经济开发区观蜃南路91号(昱湖壹号苑),浙江省宁波市慈溪市滨海经济开发区观蜃南路91号(昱湖壹号苑),13252330353,"121.568336,30.119364"
叉车培训,浙江省,杭州市,萧山区,悍马路1号叉车培训,浙江省杭州市萧山区悍马路1号叉车培训,18268055983,"120.262057,30.059942"
永康叉车电焊培训,浙江省,金华市,永康市,长城村民本路100号第三间,浙江省金华市永康市长城村民本路100号第三间,19064336889,"120.071504,28.911403"
叉车培训,浙江省,湖州市,长兴县,海兴路474号,浙江省湖州市长兴县海兴路474号,13587900022,"119.907420,30.994897"
绍兴叉车电焊培训考证,浙江省,绍兴市,柯桥区,钱安线与034乡道交叉口西280米,浙江省绍兴市柯桥区钱安线与034乡道交叉口西280米,暂无电话,"120.441475,30.127025"
嘉通叉车培训,浙江省,绍兴市,柯桥区,钱清街道发展路103号,浙江省绍兴市柯桥区钱清街道发展路103号,15067183166,"120.432808,30.098211"
叉车电焊培训考证基地,浙江省,金华市,兰溪市,蕙兰路2-1号,浙江省金华市兰溪市蕙兰路2-1号,15067927702,"119.400527,29.220719"
富应叉车培训电动车维修,浙江省,嘉兴市,南湖区,大桥镇十八里西街48号大桥镇派出所公交站旁,浙江省嘉兴市南湖区大桥镇十八里西街48号大桥镇派出所公交站旁,15257091729;17756732772,"120.860925,30.744075"
泓煜叉车培训考证,浙江省,绍兴市,越城区,海峰路与万峰路交叉口西50米(万峰一期旁)叉车培训电焊证电工证高处证装载机挖掘机起重机培训考证复审等,浙江省绍兴市越城区海峰路与万峰路交叉口西50米(万峰一期旁)叉车培训电焊证电工证高处证装载机挖掘机起重机培训考证复审等,暂无电话,"120.765797,30.123691"
武义叉车培训,浙江省,金华市,武义县,熟溪街道金三路广场18号地块18幢113号,浙江省金华市武义县熟溪街道金三路广场18号地块18幢113号,13335992843,"119.823610,28.891253"
叉车电工电焊登高培训考证,浙江省,嘉兴市,南湖区,丰乌路345号,浙江省嘉兴市南湖区丰乌路345号,13456305657,"120.959156,30.715413"
正旺叉车培训,浙江省,湖州市,安吉县,上马山路3-108,浙江省湖州市安吉县上马山路3-108,15055227358,"119.648601,30.775194"
小风叉车培训,浙江省,宁波市,海曙区,布政新村(云林东路南)76弄4号,浙江省宁波市海曙区布政新村(云林东路南)76弄4号,13865462565,"121.471756,29.840919"
状元叉车培训电工电焊考证,浙江省,嘉兴市,海盐县,望海街道五一菜市场,浙江省嘉兴市海盐县望海街道五一菜市场,15067306699,"120.973583,30.570606"
湖州叉车保安电焊培训考证,浙江省,湖州市,吴兴区,成业路1218号,浙江省湖州市吴兴区成业路1218号,18257226068,"120.061659,30.846494"
叉车培训电工焊工登高保安考证,浙江省,杭州市,钱塘区,新湾街道闸口路51-1号,浙江省杭州市钱塘区新湾街道闸口路51-1号,13205719601;13208039601,"120.547576,30.281043"
江丹叉车培训基地,浙江省,嘉兴市,海宁市,马桥街道马桥路与镇北路交叉口往北20米,浙江省嘉兴市海宁市马桥街道马桥路与镇北路交叉口往北20米,13511365362,"120.702346,30.468041"
叉车培训电工电焊培训,浙江省,杭州市,临平区,东湖街道东湖南路6号,浙江省杭州市临平区东湖街道东湖南路6号,19033911104,"120.306404,30.419751"
安吉叉车(观光车、安全管理员)培训报名处,浙江省,湖州市,安吉县,古鄣路与7号南路交叉口东北160米,浙江省湖州市安吉县古鄣路与7号南路交叉口东北160米,0572-5600953,"119.696307,30.652825"
叉车焊工培训,浙江省,湖州市,吴兴区,普安路167号,浙江省湖州市吴兴区普安路167号,19816922633,"120.101274,30.683295"
卓越叉车电焊挖掘机培训.叉车培训考证.电焊考证,浙江省,台州市,温岭市,幸福路305号,浙江省台州市温岭市幸福路305号,18357673424,"121.369197,28.506167"
宁海叉车电焊电工培训学校,浙江省,宁波市,宁海县,梅林南路183号,浙江省宁波市宁海县梅林南路183号,暂无电话,"121.451144,29.370836"
百信状元叉车电工电焊培训考证,浙江省,绍兴市,上虞区,同仁路22号,浙江省绍兴市上虞区同仁路22号,13505850553,"120.847503,30.088712"
嘉兴铭安叉车培训,浙江省,嘉兴市,平湖市,广陈镇独新西路181号,浙江省嘉兴市平湖市广陈镇独新西路181号,18368375687,"121.130567,30.753198"
叉车培训店,浙江省,温州市,乐清市,盐盆街道盐盆南街173号,浙江省温州市乐清市盐盆街道盐盆南街173号,18057706566,"120.977000,28.065868"
叉车电焊电工培训考证,浙江省,杭州市,萧山区,靖江街道文化路10号,浙江省杭州市萧山区靖江街道文化路10号,15858295256;17681959756,"120.466404,30.231289"
叉车培训,浙江省,宁波市,鄞州区,荷多段与横马路交叉口西220米,浙江省宁波市鄞州区荷多段与横马路交叉口西220米,13454753595;18757476747,"121.584511,29.744205"
天宇叉车培训,浙江省,绍兴市,上虞区,东关街道镇东路85号,浙江省绍兴市上虞区东关街道镇东路85号,13588539601,"120.823423,30.009805"
叉车电焊培训,浙江省,金华市,金东区,孝顺镇新后项村紫御豪庭6幢24室一楼,浙江省金华市金东区孝顺镇新后项村紫御豪庭6幢24室一楼,15088287441,"119.865403,29.182837"
卓越叉车电焊电工培训,浙江省,绍兴市,诸暨市,大唐街道商城北路350号,浙江省绍兴市诸暨市大唐街道商城北路350号,19557530954,"120.158817,29.700054"
叉车培训,浙江省,杭州市,钱塘区,义蓬街道金蜂二路101号,浙江省杭州市钱塘区义蓬街道金蜂二路101号,13157198065,"120.491165,30.264196"
状元叉车培训考证,浙江省,绍兴市,嵊州市,浦南大道751号,浙江省绍兴市嵊州市浦南大道751号,暂无电话,"120.865719,29.634137"
鑫熠叉车培训,浙江省,杭州市,临安区,青山湖汪家埠鹤亭街92号,浙江省杭州市临安区青山湖汪家埠鹤亭街92号,15068129689,"119.867562,30.252439"
兰溪叉车培训考证基地,浙江省,金华市,兰溪市,朝晖路与振兴路交叉口东南60米,浙江省金华市兰溪市朝晖路与振兴路交叉口东南60米,13857908573,"119.434107,29.209198"
杭州叉车培训电工电焊,浙江省,杭州市,余杭区,良渚街道书林苑1-26号,浙江省杭州市余杭区良渚街道书林苑1-26号,15158187797;15168226820,"120.047605,30.376560"
叉车培训,浙江省,绍兴市,新昌县,104国道与达利发路向东150米,浙江省绍兴市新昌县104国道与达利发路向东150米,13157500057,"120.846161,29.523676"
叉车培训,浙江省,嘉兴市,桐乡市,凤鸣街道灵安集镇新兴路115号,浙江省嘉兴市桐乡市凤鸣街道灵安集镇新兴路115号,17621253372;18258359663,"120.520049,30.590600"
叉车电焊培训考证,浙江省,金华市,金东区,赤松镇环镇西路5号,浙江省金华市金东区赤松镇环镇西路5号,15067927702,"119.697171,29.145506"
正旺叉车培训,浙江省,绍兴市,上虞区,盖北镇千秋锦绣新城3幢588-10号,浙江省绍兴市上虞区盖北镇千秋锦绣新城3幢588-10号,13865462565;18326499882,"120.889915,30.132423"
状元叉车培训电工焊工,浙江省,台州市,临海市,新耀达下街127号,浙江省台州市临海市新耀达下街127号,15055976670;15268855252,"121.507515,28.759200"
浙江状元叉车电工电焊培训学校,浙江省,宁波市,奉化区,西坞街道南路30号,浙江省宁波市奉化区西坞街道南路30号,暂无电话,"121.494176,29.678230"
叉车咨询服务,浙江省,温州市,乐清市,盐盆街道盐盆村盐盆南街173号,浙江省温州市乐清市盐盆街道盐盆村盐盆南街173号,18057706566,"120.976985,28.065859"
光亚叉车培训,浙江省,嘉兴市,南湖区,仁和苑(余北大街),浙江省嘉兴市南湖区仁和苑(余北大街),暂无电话,"120.809225,30.677207"
涵辰叉车电焊电工挖机培训(叉车上牌),浙江省,杭州市,钱塘区,下沙街道智格小区205号,浙江省杭州市钱塘区下沙街道智格小区205号,15306553029,"120.327494,30.298469"
叉车培训,浙江省,金华市,义乌市,佛堂大道与朝阳路交叉口西南140米,浙江省金华市义乌市佛堂大道与朝阳路交叉口西南140米,15825755568,"120.023229,29.192876"
叉车培训考证,浙江省,金华市,婺城区,秋滨街尖山路都市郦景园F127,浙江省金华市婺城区秋滨街尖山路都市郦景园F127,18868482766,"119.591654,29.067992"
龙港叉车电工电焊培训考证,浙江省,温州市,龙港市,人民路1468号,浙江省温州市龙港市人民路1468号,13736977833,"120.567791,27.560733"
煜正叉车培训报名处,浙江省,湖州市,安吉县,古鄣东路775号现代物流园,浙江省湖州市安吉县古鄣东路775号现代物流园,17099249888;18270060678,"119.707019,30.657293"
叉车电焊培训(余杭区),浙江省,杭州市,余杭区,闲林街道雅居乐国际花园17-11,浙江省杭州市余杭区闲林街道雅居乐国际花园17-11,19511221108,"119.978433,30.231828"
百信状元叉车电工电焊培训考证,浙江省,绍兴市,上虞区,小越街道越兴西路30号,浙江省绍兴市上虞区小越街道越兴西路30号,13505850553;15258546466,"120.930784,30.070685"
启程叉车培训,浙江省,嘉兴市,平湖市,九场公路70号,浙江省嘉兴市平湖市九场公路70号,17506665918,"120.966420,30.698762"
丽水市特安职业技能培训学校(叉车培训),浙江省,丽水市,莲都区,南明山街道白莲路2号,浙江省丽水市莲都区南明山街道白莲路2号,18969598788,"119.898011,28.392000"
状元叉车培训考证,浙江省,台州市,天台县,人民东路497号,浙江省台州市天台县人民东路497号,13454236667,"121.042930,29.131283"
俊豪安全技术培训,浙江省,宁波市,镇海区,宁波市镇海区骆驼兴骆西路49号,浙江省宁波市镇海区宁波市镇海区骆驼兴骆西路49号,15958290626;18757477264,"121.585148,29.988288"
叉车培训,浙江省,湖州市,南浔区,虹凤路与和睦东路交叉口北160米,浙江省湖州市南浔区虹凤路与和睦东路交叉口北160米,15905829990,"120.331700,30.780281"
启航叉车培训电工焊工登高报名处,浙江省,宁波市,慈溪市,市场路473号,浙江省宁波市慈溪市市场路473号,18205640296,"121.195725,30.250975"
桐乡叉车培训,浙江省,嘉兴市,桐乡市,梧桐街道百福村百乐小区16号,浙江省嘉兴市桐乡市梧桐街道百福村百乐小区16号,13575359944;13601511336,"120.570959,30.606676"
嘉兴叉车培训考证基地,浙江省,嘉兴市,南湖区,城东路与东升东路交叉口东80米,浙江省嘉兴市南湖区城东路与东升东路交叉口东80米,18957324818,"120.773373,30.778106"
桐乡叉车培训,浙江省,嘉兴市,桐乡市,梧桐街道百福村百乐小区16号,浙江省嘉兴市桐乡市梧桐街道百福村百乐小区16号,13575359944;13601511336,"120.570959,30.606676"
嘉兴叉车培训考证基地,浙江省,嘉兴市,南湖区,城东路与东升东路交叉口东80米,浙江省嘉兴市南湖区城东路与东升东路交叉口东80米,18957324818,"120.773373,30.778106"
焊工电工登高制冷叉车培训(裕华大厦店),浙江省,杭州市,西湖区,振华路196号裕华大厦B座,浙江省杭州市西湖区振华路196号裕华大厦B座,19229244822,"120.076100,30.315551"
状元叉车培训,浙江省,绍兴市,诸暨市,三都路与新兴路交叉口东80米,浙江省绍兴市诸暨市三都路与新兴路交叉口东80米,13735317508,"120.179625,29.751286"
状元叉车培训,浙江省,嘉兴市,嘉善县,魏塘街道申友路45号,浙江省嘉兴市嘉善县魏塘街道申友路45号,15068355900,"120.939339,30.868883"
杭州叉车电焊培训基地,浙江省,杭州市,萧山区,八柯线与小农场一路交叉口东南220米,浙江省杭州市萧山区八柯线与小农场一路交叉口东南220米,暂无电话,"120.441225,30.188425"
金通驾校(慈城分校),浙江省,宁波市,江北区,庆丰路800号,浙江省宁波市江北区庆丰路800号,15658264888,"121.420656,29.987055"
湖州市特种设备作业人员考试安吉叉车考点,浙江省,湖州市,安吉县,浮玉南路2368号,浙江省湖州市安吉县浮玉南路2368号,0572-5600953,"119.667086,30.564372"
卓越叉车培训,浙江省,台州市,椒江区,洪家街道鸿洲大道385号,浙江省台州市椒江区洪家街道鸿洲大道385号,13750608126,"121.413353,28.611362"
智鼎叉车培训考证,浙江省,绍兴市,新昌县,七星街道新昌大道西路659号1楼,浙江省绍兴市新昌县七星街道新昌大道西路659号1楼,13858577770;18367583424,"120.884052,29.520225"
叉车电焊培训,浙江省,温州市,瑞安市,金凤路与文华路交叉口72号,浙江省温州市瑞安市金凤路与文华路交叉口72号,暂无电话,"120.693323,27.805696"
温州蓝力特种作业培训,浙江省,温州市,龙湾区,滨海工业区三道六路置信立体公园二楼7幢208室,浙江省温州市龙湾区滨海工业区三道六路置信立体公园二楼7幢208室,15168736068,"120.820007,27.859063"
叉车培训(茜泾路店),浙江省,嘉兴市,嘉善县,茜泾路66号,浙江省嘉兴市嘉善县茜泾路66号,19518290400,"120.964442,30.910583"
鸿来叉车培训,浙江省,湖州市,长兴县,和平镇回车岭村293-1号,浙江省湖州市长兴县和平镇回车岭村293-1号,19557209306,"119.869543,30.811721"
甬特叉车培训,浙江省,宁波市,江北区,外环东路253号,浙江省宁波市江北区外环东路253号,13208090888,"121.556303,29.927576"
叉车培训焊工电工考证,浙江省,嘉兴市,海盐县,百步镇五丰村五丰新苑27号,浙江省嘉兴市海盐县百步镇五丰村五丰新苑27号,暂无电话,"120.767011,30.600448"
启程叉车培训,浙江省,嘉兴市,南湖区,友琴超市东侧,浙江省嘉兴市南湖区友琴超市东侧,13052222573,"120.757048,30.686732"
嘉兴华权叉车培训有限公司,浙江省,嘉兴市,嘉善县,南桥新区3幢102室,浙江省嘉兴市嘉善县南桥新区3幢102室,0573-84895853;15397279059,"120.941599,30.868715"
煜正叉车培训,浙江省,湖州市,安吉县,递铺街道古鄣东路775号,浙江省湖州市安吉县递铺街道古鄣东路775号,17099249888;18270060678,"119.707029,30.657321"
涵辰叉车电焊培训(永嘉店),浙江省,温州市,永嘉县,瓯北大道第三职业学校西侧约100米向阳西路17号,浙江省温州市永嘉县瓯北大道第三职业学校西侧约100米向阳西路17号,13736705310,"120.637224,28.048661"
涵辰叉车电焊培训(永嘉店),浙江省,温州市,永嘉县,瓯北大道第三职业学校西侧约100米向阳西路17号,浙江省温州市永嘉县瓯北大道第三职业学校西侧约100米向阳西路17号,13736705310,"120.637224,28.048661"
叉车培训,浙江省,嘉兴市,平湖市,前港镇佳阳路19号,浙江省嘉兴市平湖市前港镇佳阳路19号,15257346911,"121.083820,30.751649"
叉车培训,浙江省,嘉兴市,海宁市,长安镇盐仓开发区启航路101号,浙江省嘉兴市海宁市长安镇盐仓开发区启航路101号,15167330343,"120.415546,30.384578"
洪宇叉车培训,浙江省,嘉兴市,海盐县,西塘桥街道西场北路53号海湾商业5幢214室,浙江省嘉兴市海盐县西塘桥街道西场北路53号海湾商业5幢214室,18868022832,"121.000451,30.589173"
温州叉车电焊培训考证基地,浙江省,温州市,龙湾区,龙瑞大道与工贸路交叉口西北40米,浙江省温州市龙湾区龙瑞大道与工贸路交叉口西北40米,13063830000,"120.756475,27.831775"
象山莘特叉车培训中心,浙江省,宁波市,象山县,沿区路48号,浙江省宁波市象山县沿区路48号,18868624560,"121.883297,29.441462"
信达叉车培训,浙江省,杭州市,萧山区,航坞路443号,浙江省杭州市萧山区航坞路443号,13777391359,"120.451996,30.174681"
叉车电焊培训,浙江省,金华市,东阳市,横店镇下湖严菜市场,浙江省金华市东阳市横店镇下湖严菜市场,13071811112,"120.269561,29.164383"
金华润辉叉车培训金东练车基地,浙江省,金华市,金东区,傅村镇祝家村(九峰驾校内),浙江省金华市金东区傅村镇祝家村(九峰驾校内),15957916824,"119.873056,29.227526"
百信状元职业技能叉车培训基地,浙江省,绍兴市,越城区,越英路与马山路交叉口东80米,浙江省绍兴市越城区越英路与马山路交叉口东80米,暂无电话,"120.654275,30.081175"
店口叉车培训,浙江省,绍兴市,诸暨市,店口镇华佳路89号,浙江省绍兴市诸暨市店口镇华佳路89号,18457555711,"120.344653,29.925277"
叉车培训,浙江省,嘉兴市,秀洲区,洪高路1467(大世界服饰对面),浙江省嘉兴市秀洲区洪高路1467(大世界服饰对面),暂无电话,"120.675597,30.757658"
众信叉车电焊培训考证中心,浙江省,湖州市,安吉县,递铺镇丰食溪小区8号,浙江省湖州市安吉县递铺镇丰食溪小区8号,18267218882,"119.661387,30.635967"
叉车培训,浙江省,台州市,温岭市,凤凰城西北门旁,浙江省台州市温岭市凤凰城西北门旁,13454220066,"121.354528,28.494389"
叉车电焊培训,浙江省,湖州市,德清县,乾元镇西郊中路86-6号,浙江省湖州市德清县乾元镇西郊中路86-6号,19816922633,"120.083819,30.550861"
宏达叉车培训服务部,浙江省,宁波市,余姚市,泗门镇泗北村兴市路15号,浙江省宁波市余姚市泗门镇泗北村兴市路15号,18205640296;18712378981,"121.031788,30.168650"
叉车电焊培训,浙江省,湖州市,长兴县,李家巷镇李家巷大道1309号,浙江省湖州市长兴县李家巷镇李家巷大道1309号,18257268665,"119.953311,30.971327"
启顺叉车电焊培训,浙江省,杭州市,萧山区,衙前路与成虎路交叉口南120米,浙江省杭州市萧山区衙前路与成虎路交叉口南120米,暂无电话,"120.409057,30.159067"
启友叉车培训,浙江省,绍兴市,上虞区,晋生街193号,浙江省绍兴市上虞区晋生街193号,15906585182,"120.897627,30.112899"
莘特培训(叉车),浙江省,宁波市,宁海县,德星路399号2层,浙江省宁波市宁海县德星路399号2层,0574-65515656;17398065655,"121.399946,29.292466"
莘特培训(叉车),浙江省,宁波市,宁海县,德星路399号2层,浙江省宁波市宁海县德星路399号2层,0574-65515656;17398065655,"121.399946,29.292466"
叉车电焊培训,浙江省,金华市,武义县,白洋街道上邵村振中路21号,浙江省金华市武义县白洋街道上邵村振中路21号,18329036486,"119.829765,28.926753"
悦心婚恋•叉车培训,浙江省,台州市,路桥区,南官大道351号,浙江省台州市路桥区南官大道351号,15868678579,"121.368403,28.572593"
叉车电工电焊培训,浙江省,绍兴市,诸暨市,开元社区何村北1555号,浙江省绍兴市诸暨市开元社区何村北1555号,18657542644,"120.182365,29.700522"
乐清叉车电焊培训,浙江省,温州市,乐清市,柳市镇排岩头村七里港大道558号,浙江省温州市乐清市柳市镇排岩头村七里港大道558号,13186820702,"120.895836,28.009745"
叉车焊工培训,浙江省,嘉兴市,桐乡市,桐乡商业广场B区106号,浙江省嘉兴市桐乡市桐乡商业广场B区106号,18267311606,"120.547385,30.616478"
义通叉车电焊电工培训,浙江省,金华市,义乌市,西城路与伏龙山北路辅路交叉口东北100米,浙江省金华市义乌市西城路与伏龙山北路辅路交叉口东北100米,15557998567,"119.986610,29.293174"
赵学仁叉车租赁,浙江省,绍兴市,诸暨市,亭凉树下村37号,浙江省绍兴市诸暨市亭凉树下村37号,13357566810,"120.364142,29.915268"
叉车电焊培训考证,浙江省,杭州市,临安区,锦城街道钱王街269-8一楼,浙江省杭州市临安区锦城街道钱王街269-8一楼,13067993634,"119.730591,30.230945"
奉化区莘特叉车培训中心,浙江省,宁波市,奉化区,江口街道江宁路8号,浙江省宁波市奉化区江口街道江宁路8号,13777115586,"121.410888,29.734399"
海宁叉车培训基地,浙江省,嘉兴市,海宁市,尖山新区采宝路321号,浙江省嘉兴市海宁市尖山新区采宝路321号,暂无电话,"120.822244,30.307314"
叉车培训电工焊工,浙江省,杭州市,富阳区,银湖街道高富路7号,浙江省杭州市富阳区银湖街道高富路7号,13605708398,"119.943839,30.095473"
甬职叉车焊工电工培训考证,浙江省,宁波市,慈溪市,三北东路与镇中路交叉口东南160米,浙江省宁波市慈溪市三北东路与镇中路交叉口东南160米,15267868209,"121.422925,30.148728"
叉车培训,浙江省,温州市,永嘉县,罗浮大街177号,浙江省温州市永嘉县罗浮大街177号,13634232173,"120.661657,28.039278"
速腾叉车电焊电工考证,浙江省,台州市,温岭市,繁昌路与嵩溪北路交叉口西20米,浙江省台州市温岭市繁昌路与嵩溪北路交叉口西20米,15325671287;15381815677,"121.261034,28.465295"
泽纤实业有限公司叉车培训基地,浙江省,宁波市,慈溪市,兴慈三路(东二中学北侧约160米),浙江省宁波市慈溪市兴慈三路(东二中学北侧约160米),暂无电话,"121.301851,30.285453"
叉车培训,浙江省,杭州市,临平区,临平区东湖北路,浙江省杭州市临平区临平区东湖北路,19857353905,"120.297131,30.464630"
涵辰叉车电焊电工挖掘机培训考证(报名处),浙江省,绍兴市,柯桥区,清河明苑5-8-117,浙江省绍兴市柯桥区清河明苑5-8-117,17681959756,"120.411967,30.125347"
艾勇教育电焊叉车培训,浙江省,宁波市,慈溪市,兴慈三路海南村中心东区184号101,浙江省宁波市慈溪市兴慈三路海南村中心东区184号101,18258719785,"121.298645,30.289166"
启航叉车培训,浙江省,嘉兴市,桐乡市,崇福镇青阳东路376号,浙江省嘉兴市桐乡市崇福镇青阳东路376号,15995538685,"120.442904,30.530922"
叉车培训,浙江省,杭州市,萧山区,杭州宗兴齿轮有限公司东门东北70米,浙江省杭州市萧山区杭州宗兴齿轮有限公司东门东北70米,暂无电话,"120.210106,30.081890"
叉车焊工培训,浙江省,湖州市,德清县,新市镇环北路300号,浙江省湖州市德清县新市镇环北路300号,18757222750,"120.288768,30.623871"
众信叉车电焊考证培训,浙江省,湖州市,长兴县,画溪街道祥和花苑5号,浙江省湖州市长兴县画溪街道祥和花苑5号,0572-6677686;15088314441,"119.898610,30.985666"
衢州方特叉车培训,浙江省,衢州市,柯城区,勤业路与振业路交叉口东120米,浙江省衢州市柯城区勤业路与振业路交叉口东120米,暂无电话,"118.907513,28.942838"
叉车培训(北大金城店),浙江省,嘉兴市,嘉善县,体育北路(北大金城)31幢16号,浙江省嘉兴市嘉善县体育北路(北大金城)31幢16号,15968303927,"120.910848,30.856220"
卓越叉车培训,浙江省,台州市,路桥区,蓬街镇盐业村股份经济合作社大楼,浙江省台州市路桥区蓬街镇盐业村股份经济合作社大楼,13750608126,"121.522682,28.569912"
叉车电焊培训(龙回店),浙江省,金华市,义乌市,龙回五区高楼1-2号楼1楼,浙江省金华市义乌市龙回五区高楼1-2号楼1楼,13738909540,"120.022391,29.293756"
鑫星安全技术培训叉车证特种设备证,浙江省,台州市,临海市,立发路235号,浙江省台州市临海市立发路235号,15558620677;15905865086,"121.146475,28.855154"
叉车电焊培训,浙江省,绍兴市,柯桥区,马鞍街道滨海工业区滨都时代瑞星园7幢115-1室,浙江省绍兴市柯桥区马鞍街道滨海工业区滨都时代瑞星园7幢115-1室,13867584448,"120.625022,30.153883"
叉车培训,浙江省,嘉兴市,海盐县,艳阳北路51号,浙江省嘉兴市海盐县艳阳北路51号,18157346615,"120.859729,30.588555"
百通叉车培训,浙江省,宁波市,余姚市,小曹娥镇建民村农场2号,浙江省宁波市余姚市小曹娥镇建民村农场2号,18712378981,"121.080199,30.252121"
金鑫叉车培训,浙江省,嘉兴市,海宁市,许村工业园孙桥路19号,浙江省嘉兴市海宁市许村工业园孙桥路19号,19706115681,"120.356937,30.451846"
启程叉车培训,浙江省,嘉兴市,秀洲区,嘉洪大道2615号,浙江省嘉兴市秀洲区嘉洪大道2615号,暂无电话,"120.643074,30.673216"
叉车培训,浙江省,嘉兴市,嘉善县,惠民街道张汇社区苏家浜19号,浙江省嘉兴市嘉善县惠民街道张汇社区苏家浜19号,0573-84017551;18906733851,"120.968009,30.833869"
湖州浦华叉车保安培训学校,浙江省,湖州市,南浔区,浔织路102号,浙江省湖州市南浔区浔织路102号,18257226068,"120.419616,30.893116"
卓越叉车培训,浙江省,台州市,温岭市,东部新区27街晨阳邻里中心1栋(二楼),浙江省台州市温岭市东部新区27街晨阳邻里中心1栋(二楼),13486864357,"121.593373,28.450070"
叉车培训,浙江省,宁波市,宁海县,梅桥路上应村7号,浙江省宁波市宁海县梅桥路上应村7号,13396690005;13586660559,"121.461921,29.377755"
叉车培训,浙江省,湖州市,德清县,雷甸镇乔莫中路80号,浙江省湖州市德清县雷甸镇乔莫中路80号,13306828066,"120.140271,30.515587"
叉车起重培训,浙江省,宁波市,北仑区,广源路28号附近,浙江省宁波市北仑区广源路28号附近,暂无电话,"121.843997,29.910201"
润辉叉车培训基地,浙江省,金华市,婺城区,苏孟乡润达街218号,浙江省金华市婺城区苏孟乡润达街218号,13586991739,"119.631459,29.032837"
